Année;Famille
1981;2,9
1982;2,9
1983;3
1984;3
1985;2,9
1986;2,8
1987;2,7
1988;2,6
1989;2,5
1990;2,5
1991;2,5
1992;2,5
1993;2,6
1994;2,6
1995;2,7
1996;2,6
1997;2,7
1998;2,6
1999;2,6
2000;2,5
2001;2,4
2002;2,4
2003;2,4
2004;2,5
2005;2,5
2006;2,5
2007;2,4
2008;2,4
2009;2,6
2010;2,5
2011;2,5
2012;2,5
2013;2,5
2014;2,5