Année;Survie
1981;2,2
1982;2,2
1983;2,2
1984;2,2
1985;2,3
1986;2,2
1987;2,2
1988;2,1
1989;2,1
1990;2
1991;2
1992;2
1993;2,1
1994;2
1995;2
1996;2
1997;2
1998;1,9
1999;1,9
2000;1,8
2001;1,8
2002;1,8
2003;1,8
2004;1,7
2005;1,8
2006;1,8
2007;1,7
2008;1,7
2009;1,8
2010;1,8
2011;1,7
2012;1,8
2013;1,8
2014;1,8